{"metadata":{"asset_id":"a319faf5-dabe-45ee-a2d5-300e58dfcfc9","asset_attributes":["data_asset"],"name":"gte_data.csv","asset_type":"data_asset","created_at":"2020-11-28T08:01:38Z","description":"","origin_country":"us","owner_id":"IBMid-5500092TDY","project_id":"818bc927-3cb9-4670-95ae-006e7025eb08","size":2998993,"tags":[],"usage":{"last_update_time":1606550499795,"last_updated_at":"2020-11-28T08:01:39Z"}},"entity":{"data_asset":{"mime_type":"text/csv","dataset":false}},"attachments":[{"id":"1694a011-3ea5-4153-9bc6-88a73c2d2e88","version":2,"asset_type":"data_asset","name":"gte_data.csv","mime":"text/csv","datasource_type":"193a97c1-4475-4a19-b90c-295c4fdc6517","object_key":"gte_data.csv","creator_id":"IBMid-5500092TDY","create_time":1606550499794,"size":2998993,"is_remote":false,"is_managed":false,"is_referenced":true,"is_object_key_read_only":true,"is_user_provided_path_key":true,"transfer_complete":true,"is_partitioned":false,"complete_time_ticks":1606550499794,"user_data":{},"test_doc":0,"handle":{"bucket":"cogasturbineengineemission2011201-donotdelete-pr-tck5y4sm9t60oi","location":"ap-geo","key":"gte_data.csv","upload_id":"done","max_part_num":1},"usage":{"access_count":0,"last_accessor_id":"IBMid-5500092TDY","last_access_time":1606550499794}}]}
