{"metadata":{"asset_id":"b93520a5-97d8-48d1-9b60-eed643b4ff9f","asset_attributes":["notebook"],"name":"GTE CO Prediction Template","asset_type":"notebook","created_at":"2020-11-28T08:52:48Z","description":"Analyze CO (Carbon Monoxide) Emissions of a Gas Turbine Engine using LightGBM","origin_country":"us","owner_id":"IBMid-5500092TDY","project_id":"818bc927-3cb9-4670-95ae-006e7025eb08","size":6659695,"tags":["notebook"],"usage":{"last_update_time":1606553799832,"last_updated_at":"2020-11-28T08:56:39Z"}},"entity":{"notebook":{"kernel":{"name":"python3","display_name":"Python 3.7","language":"python"},"originates_from":{"type":"notebook","guid":"ff90f2ee-6271-496f-9df2-3376f2f53748"},"runtime":{"environment":"conda2py37-818bc927-3cb9-4670-95ae-006e7025eb08"}}},"attachments":[{"id":"251044ce-55d0-410c-bcb5-795fa45dd3e9","version":2,"asset_type":"notebook","name":"attachment for notebook b93520a5-97d8-48d1-9b60-eed643b4ff9f","description":"attachment for notebook b93520a5-97d8-48d1-9b60-eed643b4ff9f","mime":"application/json","datasource_type":"193a97c1-4475-4a19-b90c-295c4fdc6517","object_key":"notebook/GTE_CO_Prediction_copy_1_PHA6qZkVC.ipynb","creator_id":"IBMid-5500092TDY","create_time":1606553569848,"size":6659695,"is_remote":false,"is_managed":false,"is_referenced":true,"is_object_key_read_only":false,"is_user_provided_path_key":true,"transfer_complete":true,"is_partitioned":false,"complete_time_ticks":1606553569848,"user_data":{},"test_doc":0,"handle":{"bucket":"cogasturbineengineemission2011201-donotdelete-pr-tck5y4sm9t60oi","location":"ap-geo","key":"notebook/GTE_CO_Prediction_copy_1_PHA6qZkVC.ipynb","upload_id":"done","max_part_num":1},"usage":{"access_count":0,"last_accessor_id":"IBMid-5500092TDY","last_access_time":1606553569848}}]}
